{
  "project_info": {
    "project_number": "685376474112",
    "firebase_url": "https://cafeodafire.firebaseio.com",
    "project_id": "cafeodafire",
    "storage_bucket": "cafeodafire.appspot.com"
  },
  "client": [
    {
      "client_info": {
        "mobilesdk_app_id": "1:685376474112:android:10cbf37a3fcf73e6bd9ce5",
        "android_client_info": {
          "package_name": "com.example.cafeoda"
        }
      },
      "oauth_client": [
        {
          "client_id": "685376474112-krm57tba18rssdmb4oa6fg02ntp7egn4.apps.googleusercontent.com",
          "client_type": 3
        }
      ],
      "api_key": [
        {
          "current_key": "AIzaSyCIXC44DSu6eZBgfjSEY0VkoZiwSvJCCvQ"
        }
      ],
      "services": {
        "appinvite_service": {
          "other_platform_oauth_client": [
            {
              "client_id": "685376474112-krm57tba18rssdmb4oa6fg02ntp7egn4.apps.googleusercontent.com",
              "client_type": 3
            }
          ]
        }
      }
    }
  ],
  "configuration_version": "1"
}